{
  "hash": "03be7002",
  "configHash": "84b4e3ba",
  "lockfileHash": "413c5ffd",
  "browserHash": "67ce2471",
  "optimized": {
    "@angular/core": {
      "src": "../../../../../../node_modules/@angular/core/fesm2022/core.mjs",
      "file": "@angular_core.js",
      "fileHash": "f6fe36da",
      "needsInterop": false
    },
    "@angular/platform-browser": {
      "src": "../../../../../../node_modules/@angular/platform-browser/fesm2022/platform-browser.mjs",
      "file": "@angular_platform-browser.js",
      "fileHash": "bf61b4fd",
      "needsInterop": false
    },
    "@angular/router": {
      "src": "../../../../../../node_modules/@angular/router/fesm2022/router.mjs",
      "file": "@angular_router.js",
      "fileHash": "957b2b87",
      "needsInterop": false
    }
  },
  "chunks": {
    "chunk-LBLNSRMX": {
      "file": "chunk-LBLNSRMX.js"
    },
    "chunk-SZBLJUHW": {
      "file": "chunk-SZBLJUHW.js"
    }
  }
}